ID,Prenom,Adresse,Contact,NumeroEmploye,DateEmbauche,HeuresDeVol
1,Paul,AdressePilote1,0620000001,101,2020-01-11,510
2,Sophie,AdressePilote2,0620000002,102,2020-01-12,520
3,Leo,AdressePilote3,0620000003,103,2020-01-13,530
4,Charlotte,AdressePilote4,0620000004,104,2020-01-14,540
5,Lucas,AdressePilote5,0620000005,105,2020-01-15,550
6,Marie,AdressePilote6,0620000006,106,2020-01-16,560
7,Nathan,AdressePilote7,0620000007,107,2020-01-17,570
8,Camille,AdressePilote8,0620000008,108,2020-01-18,580
9,Ethan,AdressePilote9,0620000009,109,2020-01-19,590
10,Julie,AdressePilote10,0620000010,110,2020-01-20,600
