NumeroVol,Origine,Destination,DateHeureDepart,DateHeureArrivee,Etat
1,Londres,Tokyo,2024-12-13T17:36:47,2024-12-13T19:36:47,Prévu
2,New York,Berlin,2024-12-14T17:36:47,2024-12-14T19:36:47,Prévu
3,Tokyo,Rome,2024-12-15T17:36:47,2024-12-15T19:36:47,Prévu
4,Berlin,Madrid,2024-12-16T17:36:47,2024-12-16T19:36:47,Prévu
5,Rome,Lisbonne,2024-12-17T17:36:47,2024-12-17T19:36:47,Prévu
6,Madrid,Dubai,2024-12-18T17:36:47,2024-12-18T19:36:47,Prévu
7,Lisbonne,Singapour,2024-12-19T17:36:47,2024-12-19T19:36:47,Prévu
8,Dubai,Paris,2024-12-20T17:36:47,2024-12-20T19:36:47,Prévu
9,Singapour,Londres,2024-12-21T17:36:47,2024-12-21T19:36:47,Prévu
10,Paris,New York,2024-12-22T17:36:47,2024-12-22T19:36:47,Prévu
